,PC1,PC2,PC3
HAS_DATE,0.702978903239788,0.7043021805450568,-0.06485889439616041
ONE_ON_ONE,0.7029748407259301,-0.7046409489868662,0.05708155694575298
DATE_GROUP_SIZE,0.10777819264120775,-0.002263732729889875,-0.0006504369523520747
DATE_RATIO,0.0,0.0,0.0
DATE_ROSE,0.0,0.0,0.0
FIRST_IMPRESSION_ROSE,0.005558425778280269,0.08622323935282264,0.9962603056461337
